{"stats":{"minecraft:dropped":{"alexsmobs:animal_dictionary":1,"framedblocks:framed_inner_threeway_corner":1,"connectedglass:borderless_glass":1,"mca:book_romance":1},"minecraft:custom":{"minecraft:jump":17,"minecraft:time_since_rest":6367,"minecraft:damage_taken":570,"minecraft:leave_game":1,"minecraft:crouch_one_cm":35,"minecraft:play_time":19541,"minecraft:sprint_one_cm":2499,"minecraft:time_since_death":6336,"minecraft:walk_one_cm":5074,"minecraft:deaths":1,"minecraft:sneak_time":128,"minecraft:total_world_time":19541,"minecraft:fall_one_cm":6476,"minecraft:drop":4,"minecraft:fly_one_cm":30899},"minecraft:used":{"framedblocks:framed_inner_threeway_corner":1,"connectedglass:borderless_glass":4}},"DataVersion":3465}