{"stats":{"minecraft:killed":{"earthmobsmod:cream_cow":1},"minecraft:dropped":{"framedblocks:framed_inner_threeway_corner":1,"mca:book_romance":1,"minecraft:milk_bucket":1,"alexsmobs:animal_dictionary":1,"connectedglass:borderless_glass":1},"minecraft:custom":{"minecraft:open_chest":5,"minecraft:time_since_rest":17585,"minecraft:crouch_one_cm":57,"minecraft:sprint_one_cm":22465,"minecraft:play_time":41280,"minecraft:deaths":4,"minecraft:damage_taken":1380,"minecraft:walk_one_cm":26309,"minecraft:sneak_time":830,"minecraft:mob_kills":1,"minecraft:drop":5,"minecraft:jump":54,"minecraft:damage_dealt":100,"minecraft:leave_game":1,"minecraft:time_since_death":18633,"minecraft:total_world_time":41280,"minecraft:fly_one_cm":529171,"minecraft:fall_one_cm":15076},"minecraft:picked_up":{"minecraft:leather":2,"minecraft:beef":1},"minecraft:used":{"framedblocks:framed_inner_threeway_corner":1,"tombstone:gift":2,"connectedglass:borderless_glass":4,"minecraft:milk_bucket":2},"minecraft:crafted":{"tombstone:grave_key":1}},"DataVersion":3465}