{"stats":{"minecraft:dropped":{"explorerscompass:explorerscompass":1},"minecraft:mined":{"minecraft:stone":17},"minecraft:picked_up":{"minecraft:cobblestone":1},"minecraft:custom":{"minecraft:jump":13,"minecraft:open_chest":1,"minecraft:time_since_rest":9070,"minecraft:crouch_one_cm":109,"minecraft:sprint_one_cm":3625,"minecraft:play_time":9070,"minecraft:time_since_death":9070,"minecraft:walk_one_cm":4054,"minecraft:sneak_time":1023,"minecraft:total_world_time":9070,"minecraft:drop":1,"minecraft:talked_to_villager":2,"minecraft:fall_one_cm":209,"minecraft:fly_one_cm":167609},"minecraft:used":{"easy_villagers:villager":1,"easy_villagers:auto_trader":1,"alexsmobs:animal_dictionary":1}},"DataVersion":3465}