{"stats":{"minecraft:custom":{"minecraft:jump":64,"minecraft:time_since_rest":20437,"minecraft:damage_dealt":100,"minecraft:leave_game":3,"minecraft:play_time":20437,"minecraft:sprint_one_cm":4637,"minecraft:damage_taken":20,"minecraft:time_since_death":20437,"minecraft:walk_one_cm":1334,"minecraft:sneak_time":103,"minecraft:total_world_time":20437,"minecraft:climb_one_cm":90,"minecraft:mob_kills":1,"minecraft:fall_one_cm":1507,"minecraft:fly_one_cm":107947},"minecraft:killed":{"minecraft:pig":1},"minecraft:used":{"minecraft:bread":1},"minecraft:mined":{"minecraft:grass":4},"minecraft:picked_up":{"minecraft:porkchop":1}},"DataVersion":2975}