[
  {
    "uuid": "9e6a4513-9f1b-311e-aef7-f5e18aab410c",
    "displayName": {
      "insertion": "Mariomct1",
      "clickEvent": {
        "action": "suggest_command",
        "value": "/tell Mariomct1 "
      },
      "hoverEvent": {
        "action": "show_entity",
        "contents": {
          "type": "minecraft:player",
          "id": "9e6a4513-9f1b-311e-aef7-f5e18aab410c",
          "name": {
            "text": "Mariomct1"
          }
        }
      },
      "extra": [
        {
          "text": "Mariomct1"
        }
      ],
      "text": ""
    },
    "animation": "null"
  }
]